,Model,Training Accuracy,Validation Accuracy,Training Precision,Validation Precision,Training Recall ,Validation Recall,Training F1,Validation F1,Training ROC_AUC,Validation ROC_AUC
0,Logistic Regression,0.6531620204628177,0.636437908496732,0.6685559362911835,0.6625575916995652,0.8999763063427284,0.8926803447154651,0.7366389225639729,0.7200720794927314,0.627854156917562,0.621807971366244
1,Random Forest Classifier,0.9751715871082792,0.625,0.946869185333761,0.6407709689861538,0.9949932639831168,0.7846250746604202,0.9788787498742684,0.7020978031043242,0.9566670419824771,0.6034275846732159
2,XGB Classifier,0.7399131005444648,0.6218954248366013,0.9638324241997104,0.6409025203843112,0.9180644093189485,0.885082878688032,0.7846433384285674,0.7221113004798585,0.7186993719901229,0.5987796434695912
3,Linear SVC,0.6535117264678821,0.6320261437908496,0.667506161216201,0.6537564825574764,0.8039628086002135,0.7557879689996287,0.7280511390314021,0.697753204626598,0.6257545634937525,0.614282302782133
