,Model,Training Accuracy,Validation Accuracy,Training Precision,Validation Precision,Training Recall ,Validation Recall,Training F1,Validation F1,Training ROC_AUC,Validation ROC_AUC
0,Logistic Regression,0.6536759141459054,0.6330065359477124,0.6717276573780967,0.6575999975714907,0.901078234717384,0.8911900317497421,0.7368566497988394,0.7196592647942025,0.628282549585949,0.6161991843402869
