,Model,Training Accuracy,Validation Accuracy,Training Precision,Validation Precision,Training Recall ,Validation Recall,Training F1,Validation F1,Training ROC_AUC,Validation ROC_AUC
0,Logistic Regression,0.6536759141459054,0.6330065359477124,0.6717276573780967,0.6575999975714907,0.901078234717384,0.8911900317497421,0.7368566497988394,0.7196592647942025,0.628282549585949,0.6161991843402869
1,Random Forest Classifier,0.921446310326615,0.6258169934640523,0.9995107109527093,0.6412428619995687,0.9828944683012819,0.7923802017465973,0.9496260806504132,0.7050552454743911,0.9330474464324595,0.603986640340812
2,XGB Classifier,0.843362659477987,0.6212418300653595,0.9913903398413659,0.6384475098559605,0.933241599402453,0.90640550489779,0.7908813206460514,0.7244800020339197,0.9297411083982275,0.5964537238066685
3,Linear SVC,0.6547810038875432,0.628921568627451,0.6742522977010744,0.6567408769520691,0.8067356015087558,0.7405712232289685,0.7293824419415036,0.6912245839555828,0.6373085614801035,0.6135316707147584
