,Model,Training Accuracy,Validation Accuracy,Training Precision,Validation Precision,Training Recall ,Validation Recall,Training F1,Validation F1,Training ROC_AUC,Validation ROC_AUC
0,Logistic Regression,0.6009015083663023,0.5781045751633986,0.6090160678508947,0.5909841904066331,0.9977641610171595,0.9971716185253353,0.7318289613662763,0.7218738714839794,0.5529561034866848,0.5413069416009588
1,Random Forest Classifier,0.9075359781235239,0.5764705882352941,1.0,0.5873480063655011,0.9994651670530285,0.9084715512147291,0.9263837889415235,0.7078303367999023,1.0,0.5350066562147391
2,XGB Classifier,0.7299505912475422,0.580392156862745,0.8754325621563618,0.5992689087672078,0.9991067441139604,0.9755259937417631,0.752964101633431,0.7186453317330679,0.8821394218895915,0.546897093257684
3,Linear SVC,0.6037799586610906,0.5792483660130718,0.6139258305053099,0.5945592197124916,0.8566503203584037,0.8218449931809353,0.7132168519171721,0.6868088626983239,0.559508055825477,0.5457872606820029
